ID,Date,Duration,Language,Length,Transcription
DIRTY_001,01-15-2026,half hour,English,court,"Rendez-vous <script>alert('XSS')</script> avec Signora D'Angelo.
    <b>Budget:</b> 12000 euros <i>flexible</i>
    <h1>IMPORTANT CLIENT</h1>
    Ville: ??? <br> Age: born 2001
    DROP TABLE clients; -- juste un test
    <img src=""fake.jpg"" onerror=""alert('hack')"">
    Couleur: beige. suit rÃ©gime Keto. allergy nuts, latex, perfumes."
DIRTY_002,1/15/26,,MIX,moyen,"Client Sr. JosÃ© MarÃ­a PÃ©rez-LÃ³pez Sr. JosÃ© MarÃ­a PÃ©rez-LÃ³pez (doublon??)
    Age 27-year-old ou 27-year-old ans
    Budget 25000â‚¬ / 25000â‚¬ euros
    Ville Inconnu / Inconnu
    ATTENTION: POSSIBLE DUPLICATE: POSSIBLE DUPLICATE:
    halal. pas d'allergie connue. blanc. ski."
DIRTY_003,31/02/2026,N/A,Anglais,LONG,"Ø¹Ù…ÙŠÙ„ Ù…Ù‡Ù… Mrs. BjÃ¶rk JÃ³nsdÃ³ttir Ù…Ù† St-Tropez.
    Ø§Ù„Ø¹Ù…Ø±: 46 anni. Ø§Ù„Ù…ÙŠØ²Ø§Ù†ÙŠØ©: 12000$.
    ÙŠØ¨Ø­Ø« Ø¹Ù† Ø­Ù‚ÙŠØ¨Ø© ÙØ§Ø®Ø±Ø© blanc.
    flexitarien. pas d'allergie connue. 
    Sport: marathon. Ø±ÙŠØ§Ø¶ÙŠ Ø¬Ø¯Ø§.
    Rappeler en franÃ§ais merci."
DIRTY_004,,0.5h,en,court,"From: sales@boutique.com
    To: manager@boutique.com  
    Subject: RE: FW: RE: Client Ø§Ù„Ø³ÙŠØ¯ Ø£Ø­Ù…Ø¯
    
    -----Original Message-----
    Hi,
    Pls see below client info:
    - 46 aÃ±os
    - 3000â‚¬-6436â‚¬  
    - HK
    - rosÃ© gold leather pref
    
    Rgds,
    
    >>> Previous message truncated...
    
    Sent from my iPhone
    --
    This email is confidential blah blah disclaimer..."
DIRTY_005,,30 min,FranÃ§ais,long,"Client Mme ÅšlÄ…ska BÄ…dÅº rencontrÃ© boutique.
    ÃƒÂ¢ge: 43+ -- CaractÃ¨res encodÃ©s: ÃƒÂ©ÃƒÂ¨ÃƒÂªÃ  
    Budget: 15000$ Ã¢â€šÂ¬
    Ville: new york aÃƒÂ©roport
    RÃƒÂ©gime: flexitarien
    Couleur: rose-gold
    Sport: Tennis"
DIRTY_006,15.01.26,court,EN,longe,"M. Mlle Ã‡elik, nouveau client mais client fidÃ¨le depuis 2015.
    58 anni dynamique et retraitÃ© depuis 20 ans.
    Budget 20k euros limitÃ© mais trÃ¨s gÃ©nÃ©reux illimitÃ©.
    suit rÃ©gime Keto strict mais mange de tout occasionnellement.
    Habite MILAN mais n'a jamais visitÃ© cette ville.
    Aime beige mais dÃ©teste absolument cette couleur.
    aucune mais aucun problÃ¨me avec ces allergÃ¨nes."
DIRTY_007,???,half hour,Italian,,"Client Client_7, around 31. Wants to buy un sac pour business trips. 
    Budget unlimited budget. Habite riviera mais travels often to MÃ¼nchen et Milano.
    Sport: YOGA. suit rÃ©gime Keto. Cuir rose gold preferred. ???."
DIRTY_008,,30m,IT,longe,"RDV mme durand marie le 31/02/2026 Ã  25:99
    Client depuis 2099, quarantaine.
    Anniversaire: hier/demain/bientÃ´t
    Budget Â£3000 Ã  confirmer 30/13/2025
    Rappeler: la semaine prochaine ou le mois dernier
    singapour. vÃ©gane strict. intolÃ©rances: gluten lactose. noir."
DIRTY_009,invalid,~30min,EN,,"Rendez-vous <script>alert('XSS')</script> avec M. DUPONT Jean-Pierre.
    <b>Budget:</b> environ 3000â‚¬ <i>flexible</i>
    <h1>IMPORTANT CLIENT</h1>
    Ville: Singapoure <br> Age: 29-year-old
    DROP TABLE clients; -- juste un test
    <img src=""fake.jpg"" onerror=""alert('hack')"">
    Couleur: BORDEAUX. vegetarian events. ."
DIRTY_010,15.01.26,~30min,anglais,longe,"Client . Age: . Budget: . Ville: .
    Sport: ???. RÃ©gime: N/A. Allergie: null.
    Couleur: undefined. Profession: NaN.
    TODO: complÃ©ter fiche plus tard"
DIRTY_011,31/02/2026,,en,long,"From: sales@boutique.com
    To: manager@boutique.com  
    Subject: RE: FW: RE: Client m dubois
    
    -----Original Message-----
    Hi,
    Pls see below client info:
    - 66-year-old
    - Budget: 5000â‚¬  
    - Francfort
    - noir leather pref
    
    Rgds,
    
    >>> Previous message truncated...
    
    Sent from my iPhone
    --
    This email is confidential blah blah disclaimer..."
DIRTY_012,31/02/2026,trÃ¨s long,Italien,medium,"|Client|M. ææ˜ (Li Ming)|
    |Age|62 Jahre alt|
    |Budget|$10000|
    |Ville|LONDON|
    |Corrupted|data|table|error|format|"
DIRTY_013,1/15/26,,autre,,"From: sales@boutique.com
    To: manager@boutique.com  
    Subject: RE: FW: RE: Client M. FranÃ§ois-Xavier
    
    -----Original Message-----
    Hi,
    Pls see below client info:
    - late twenties
    - 20000EUR  
    - milano
    - rose gold leather pref
    
    Rgds,
    
    >>> Previous message truncated...
    
    Sent from my iPhone
    --
    This email is confidential blah blah disclaimer..."
DIRTY_014,???,30-45 min,FR/EN,LONG,"RDV M. ææ˜ (Li Ming) le 31/02/2026 Ã  25:99
    Client depuis 2099, born 1964.
    Anniversaire: hier/demain/bientÃ´t
    Budget unlimited budget Ã  confirmer 30/13/2025
    Rappeler: la semaine prochaine ou le mois dernier
    Pars. kosher. . noir."
DIRTY_015,"RDV Durand le 31/02/2026 Ã  25:99
    Client depuis 2099, 50 ans.
    Anniversaire: hier/demain/bientÃ´t
    Budget 10000 â€“ 12127 â‚¬ Ã  confirmer 30/13/2025
    Rappeler: la semaine prochaine ou le mois dernier
    Dubai. kosher. severe shellfish allergy CRITICAL. blanc.",2026.01.15,,DE,
DIRTY_016,15 janvier 2026,,Spanish,moyen,"Client Mr. O'Brien-McIntyre, 37 aÃ±os. Wants to buy un sac pour business trips. 
    Budget 7000â‚¬. Habite Milan mais travels often to MÃ¼nchen et Milano.
    Sport: Ã©quitation. vegetarian events. Cuir Noir preferred. ???."
DIRTY_017,01-15-2026,N/A,Espagnol,???,"Euh alors le client c'est M. DUPONT Jean-Pierre voilÃ  euh 
    donc il a genre euh quarantaine enfin bon bref
    et donc son budget c'est euh environ euh genre 5k euros
    il habite Ã  ah mince comment Ã§a s'appelle euh zÃ¼rich
    donc voilÃ  quoi euh pas de restrictions et puis euh none
    ah oui et il aime le Cognac voilÃ  c'est tout euh merci"
DIRTY_018,2026-01-15,30 minutes,Italian,long,"Client . Age: . Budget: . Ville: .
    Sport: ???. RÃ©gime: N/A. Allergie: null.
    Couleur: undefined. Profession: NaN.
    TODO: complÃ©ter fiche plus tard"
DIRTY_019,invalid,30-45 min,deutsch,longe,"M. Mme ZoÃ« BÃ¤cker, nouveau client mais client fidÃ¨le depuis 2015.
    soixantaine dynamique et retraitÃ© depuis 20 ans.
    Budget 15000EUR limitÃ© mais trÃ¨s gÃ©nÃ©reux illimitÃ©.
    vegetarian events strict mais mange de tout occasionnellement.
    Habite francfort mais n'a jamais visitÃ© cette ville.
    Aime Cognac mais dÃ©teste absolument cette couleur.
    allergies alimentaires diverses mais aucun problÃ¨me avec ces allergÃ¨nes."
DIRTY_020,2026.01.15,environ 30,Italian,moyen,"From: sales@boutique.com
    To: manager@boutique.com  
    Subject: RE: FW: RE: Client m dubois
    
    -----Original Message-----
    Hi,
    Pls see below client info:
    - 41 years old
    - budget flexible  
    - Frankfurt
    - multicolore leather pref
    
    Rgds,
    
    >>> Previous message truncated...
    
    Sent from my iPhone
    --
    This email is confidential blah blah disclaimer..."
DIRTY_021,"January 15, 2026","Euh alors le client c'est Mrs. Î‘Î»ÎµÎ¾Î¬Î½Î´ÏÎ± Î Î±Ï€Î±Î´ÏŒÏ€Î¿Ï…Î»Î¿Ï‚ voilÃ  euh 
    donc il a genre euh 74 Jahre alt enfin bon bref
    et donc son budget c'est euh environ euh genre budget flexible
    il habite Ã  ah mince comment Ã§a s'appelle euh milano
    donc voilÃ  quoi euh vÃ©gÃ©tarien mais mange du poisson et puis euh allergique nickel + latex
    ah oui et il aime le BLACK voilÃ  c'est tout euh merci"
DIRTY_022,31/02/2026,30 min,German,???,"From: sales@boutique.com
    To: manager@boutique.com  
    Subject: RE: FW: RE: Client Sr. JoÃ£o GonÃ§alves
    
    -----Original Message-----
    Hi,
    Pls see below client info:
    - quarante-deux
    - 30k  
    - Tokyo
    - BLACK leather pref
    
    Rgds,
    
    >>> Previous message truncated...
    
    Sent from my iPhone
    --
    This email is confidential blah blah disclaimer..."
DIRTY_023,N/A,court,fr,SHORT,"{name: ""Client_23"", age: ~62, 
    budget: ""25k"", city: Singapoure"",
    diet: ""suit rÃ©gime Keto, allergy: ""ATTENTION: allergie sÃ©vÃ¨re fruits coque!!!"",
    color: rose gold, sport"": ""kitesurf""
    ERROR: JSON PARSE FAILED LINE 3}"
DIRTY_024,00/00/0000,30min,German,medium,"Rendez-vous <script>alert('XSS')</script> avec M. MÃ¼ller-LÃ¶wenstein.
    <b>Budget:</b> 3000$ <i>flexible</i>
    <h1>IMPORTANT CLIENT</h1>
    Ville: NYC <br> Age: 52+
    DROP TABLE clients; -- juste un test
    <img src=""fake.jpg"" onerror=""alert('hack')"">
    Couleur: rose-gold. vegan sauf occasionnellement. allergique nickel + latex."
DIRTY_025,01-15-2026,N/A,IT,LONG,"Euh alors le client c'est Mrs. BjÃ¶rk JÃ³nsdÃ³ttir voilÃ  euh 
    donc il a genre euh late twenties enfin bon bref
    et donc son budget c'est euh environ euh genre 30Kâ‚¬
    il habite Ã  ah mince comment Ã§a s'appelle euh DUBAI
    donc voilÃ  quoi euh kosher et puis euh severe shellfish allergy CRITICAL
    ah oui et il aime le navy voilÃ  c'est tout euh merci"
DIRTY_026,N/A,trÃ¨s long,FR,long,"CONVERSATION EXCEPTIONNELLE avec M. DUPONT Jean-Pierre, retraitÃ© actif extraordinaire, 
    vraiment un client exceptionnel et extraordinaire qui mÃ©rite une attention 
    exceptionnelle et extraordinaire. around 41 donc dans la tranche d'Ã¢ge 
    des clients exceptionnels et extraordinaires. Budget 5000$ mais 
    pourrait Ãªtre plus Ã©levÃ© car client exceptionnel et extraordinaire. 
    RÃ©side Ã  francfort une ville exceptionnelle oÃ¹ vivent des gens exceptionnels.
    Pratique voile de maniÃ¨re exceptionnelle. vegan sauf occasionnellement de faÃ§on exceptionnelle.
    . Couleur prÃ©fÃ©rÃ©e blanc une couleur exceptionnelle.
    Client Ã  rappeler car exceptionnel et extraordinaire pour proposition 
    exceptionnelle collection exceptionnelle prochaine saison exceptionnelle.
    Potentiel lifetime value exceptionnel et extraordinaire vraiment incroyable.
    Exceptionnel extraordinaire. Exceptionnel extraordinaire. Exceptionnel extraordinaire. Exceptionnel extraordinaire. Exceptionnel extraordinaire. Exceptionnel extraordinaire. Exceptionnel extraordinaire. Exceptionnel extraordinaire. Exceptionnel extraordinaire. Exceptionnel extraordinaire. Exceptionnel extraordinaire. Exceptionnel extraordinaire. Exceptionnel extraordinaire. Exceptionnel extraordinaire. Exceptionnel extraordinaire. Exceptionnel extraordinaire. Exceptionnel extraordinaire. Exceptionnel extraordinaire. Exceptionnel extraordinaire. Exceptionnel extraordinaire. Exceptionnel extraordinaire. Exceptionnel extraordinaire. Exceptionnel extraordinaire. Exceptionnel extraordinaire. Exceptionnel extraordinaire. Exceptionnel extraordinaire. Exceptionnel extraordinaire. Exceptionnel extraordinaire. Exceptionnel extraordinaire. Exceptionnel extraordinaire. Exceptionnel extraordinaire. Exceptionnel extraordinaire. Exceptionnel extraordinaire. Exceptionnel extraordinaire. Exceptionnel extraordinaire. Exceptionnel extraordinaire. Exceptionnel extraordinaire. Exceptionnel extraordinaire. Exceptionnel extraordinaire. Exceptionnel extraordinaire. Exceptionnel extraordinaire. Exceptionnel extraordinaire. Exceptionnel extraordinaire. Exceptionnel extraordinaire. Exceptionnel extraordinaire. Exceptionnel extraordinaire. Exceptionnel extraordinaire. Exceptionnel extraordinaire. Exceptionnel extraordinaire. Exceptionnel extraordinaire. "
DIRTY_027,15/01/2026,,Allemand,longe,"Ø¹Ù…ÙŠÙ„ Ù…Ù‡Ù… Sr. JosÃ© MarÃ­a PÃ©rez-LÃ³pez Ù…Ù† Paris.
    Ø§Ù„Ø¹Ù…Ø±: 72ans. Ø§Ù„Ù…ÙŠØ²Ø§Ù†ÙŠØ©: $10000.
    ÙŠØ¨Ø­Ø« Ø¹Ù† Ø­Ù‚ÙŠØ¨Ø© ÙØ§Ø®Ø±Ø© BLACK.
    pas de restrictions. allergies alimentaires diverses. 
    Sport: N/A. Ø±ÙŠØ§Ø¶ÙŠ Ø¬Ø¯Ø§.
    Rappeler en franÃ§ais merci."
DIRTY_028,2026.01.15,une demi-heure,Anglais,long,"|Client|MME LEGRAND|
    |Age|early forties|
    |Budget|12Kâ‚¬|
    |Ville|tokio|
    |Corrupted|data|table|error|format|"
DIRTY_029,15 janvier 2026,0.5h,FR/EN,long,"|Client|Signora D'Angelo|
    |Age|56 Jahre alt|
    |Budget|5000 â€“ 7379 â‚¬|
    |Ville|St Tropez|
    |Corrupted|data|table|error|format|"
DIRTY_030,"January 15, 2026",30min,en,SHORT,"Client Mme Ã‘oÃ±o GarcÃ­a, 27-year-old. Wants to buy un sac pour business trips. 
    Budget around $10000. Habite tokio mais travels often to MÃ¼nchen et Milano.
    Sport: Tennis. omnivore. Cuir navy preferred. ATTENTION: allergie sÃ©vÃ¨re fruits coque!!!."
DIRTY_031,2026-01-15,~30min,DE,moyen,"{name: ""Prof. Ã˜ystein Ã˜degÃ¥rd"", age: ~55, 
    budget: ""20Kâ‚¬"", city: DubaÃ¯"",
    diet: ""sans gluten sans lactose, allergy: ""allergies alimentaires diverses"",
    color: cognac, sport"": ""football""
    ERROR: JSON PARSE FAILED LINE 3}"
DIRTY_032,"January 15, 2026",30-45 min,Allemand,N/A,"|Client|Prof. Ã˜ystein Ã˜degÃ¥rd|
    |Age|quarante-deux|
    |Budget|pas de limite|
    |Ville|london|
    |Corrupted|data|table|error|format|"
DIRTY_033,15/01/2026,30 min,EN,???,"ğŸŒŸ CLIENTE VIP ğŸŒŸ mme durand marie ğŸ’¼ mÃ©decin-chirurgien â­â­â­â­â­
    Age: 63 ans | Budget: budget flexible ğŸ’°ğŸ’°ğŸ’°
    ğŸ  newyork | âœˆï¸ travels a lot
    Loves: polo ğŸ¾ | Art ğŸ¨ | Music ğŸµ
    Diet: omnivore ğŸ¥— | allergies alimentaires diverses âš ï¸
    Color: Noir â¤ï¸ | Wife birthday ğŸ‚ coming up!
    Call back ASAP! ğŸ“ğŸ“ğŸ“"
DIRTY_034,,30-45 min,FranÃ§ais,SHORT,"From: sales@boutique.com
    To: manager@boutique.com  
    Subject: RE: FW: RE: Client Sr. JoÃ£o GonÃ§alves
    
    -----Original Message-----
    Hi,
    Pls see below client info:
    - 61-year-old
    - entre 15000 et 18149  
    - hong-kong
    - BORDEAUX leather pref
    
    Rgds,
    
    >>> Previous message truncated...
    
    Sent from my iPhone
    --
    This email is confidential blah blah disclaimer..."
DIRTY_035,2026.01.15,30 min,autre,medium,"Ø¹Ù…ÙŠÙ„ Ù…Ù‡Ù… Client_35 Ù…Ù† Francfort.
    Ø§Ù„Ø¹Ù…Ø±: born 1986. Ø§Ù„Ù…ÙŠØ²Ø§Ù†ÙŠØ©: presupuesto 7000â‚¬.
    ÙŠØ¨Ø­Ø« Ø¹Ù† Ø­Ù‚ÙŠØ¨Ø© ÙØ§Ø®Ø±Ø© beige.
    suit rÃ©gime Keto. N/A. 
    Sport: Ã©quitation. Ø±ÙŠØ§Ø¶ÙŠ Ø¬Ø¯Ø§.
    Rappeler en franÃ§ais merci."
DIRTY_036,1/15/26,30min,IT,short,Mr. O'Brien-McIntyre. Francfort. ok.
DIRTY_037,2026.01.15,30 min,N/A,SHORT,"Client Sr. JosÃ© MarÃ­a PÃ©rez-LÃ³pez, twenty eight. Wants to buy un sac pour business trips. 
    Budget selon modÃ¨le. Habite Cote d'Azur mais travels often to MÃ¼nchen et Milano.
    Sport: pilates. pas de restrictions. Cuir multicolore preferred. ???."
DIRTY_038,???,trÃ¨s long,plusieurs,court,"RDV M. ææ˜ (Li Ming) le 31/02/2026 Ã  25:99
    Client depuis 2099, 58 anni.
    Anniversaire: hier/demain/bientÃ´t
    Budget selon modÃ¨le Ã  confirmer 30/13/2025
    Rappeler: la semaine prochaine ou le mois dernier
    NYC. pescetarien. ATTENTION: allergie sÃ©vÃ¨re fruits coque!!!. rose-gold."
DIRTY_039,"Euh alors le client c'est Mrs. Î‘Î»ÎµÎ¾Î¬Î½Î´ÏÎ± Î Î±Ï€Î±Î´ÏŒÏ€Î¿Ï…Î»Î¿Ï‚ voilÃ  euh 
    donc il a genre euh 27-year-old enfin bon bref
    et donc son budget c'est euh environ euh genre Budget: 25000â‚¬
    il habite Ã  ah mince comment Ã§a s'appelle euh Paris
    donc voilÃ  quoi euh kosher et puis euh allergy nuts, latex, perfumes
    ah oui et il aime le navy voilÃ  c'est tout euh merci",2026-01-15,30m,deutsch,long
DIRTY_040,2026-01-15,~30min,anglais,SHORT,"Client . Age: . Budget: . Ville: .
    Sport: ???. RÃ©gime: N/A. Allergie: null.
    Couleur: undefined. Profession: NaN.
    TODO: complÃ©ter fiche plus tard"
DIRTY_041,N/A,court,FranÃ§ais,court,"RDV M. DUPONT Jean-Pierre le 31/02/2026 Ã  25:99
    Client depuis 2099, 73 aÃ±os.
    Anniversaire: hier/demain/bientÃ´t
    Budget 30000 euros Ã  confirmer 30/13/2025
    Rappeler: la semaine prochaine ou le mois dernier
    Paris. regime special. N/A. noir."
DIRTY_042,"Client MME LEGRAND MME LEGRAND (doublon??)
    Age 73ans ou 73ans ans
    Budget from 7000 to 11786 / from 7000 to 11786 euros
    Ville francfort / francfort
    ATTENTION: POSSIBLE DUPLICATE: POSSIBLE DUPLICATE:
    pas de restrictions. pas d'allergie connue. rose gold. .",15/01/2026,une demi-heure,en,short
DIRTY_043,00/00/0000,"|Client|Mr. O'Brien-McIntyre|
    |Age|agÃ© de 52|
    |Budget|entre 25000 et 27336|
    |Ville|St-Tropez|
    |Corrupted|data|table|error|format|"
DIRTY_044,N/A,???,plusieurs,court,"Rendez-vous <script>alert('XSS')</script> avec m dubois.
    <b>Budget:</b> unlimited budget <i>flexible</i>
    <h1>IMPORTANT CLIENT</h1>
    Ville:  <br> Age: 57ans
    DROP TABLE clients; -- juste un test
    <img src=""fake.jpg"" onerror=""alert('hack')"">
    Couleur: beige. omnivore. intolÃ©rances: gluten lactose."
DIRTY_045,1/15/26,30min,anglais,court,"ğŸŒŸ CLIENTE VIP ğŸŒŸ MME LEGRAND ğŸ’¼ influencer/entrepreneur/model â­â­â­â­â­
    Age: 56ans | Budget: presupuesto 7000â‚¬ ğŸ’°ğŸ’°ğŸ’°
    ğŸ  Milan | âœˆï¸ travels a lot
    Loves: Ã©quitation ğŸ¾ | Art ğŸ¨ | Music ğŸµ
    Diet: halal ğŸ¥— | allergie arachides ET noix âš ï¸
    Color: cognac â¤ï¸ | Wife birthday ğŸ‚ coming up!
    Call back ASAP! ğŸ“ğŸ“ğŸ“"
DIRTY_046,00/00/0000,30min,Anglais,,"CONVERSATION EXCEPTIONNELLE avec Mr. O'Brien-McIntyre, ancien directeur maintenant consultant extraordinaire, 
    vraiment un client exceptionnel et extraordinaire qui mÃ©rite une attention 
    exceptionnelle et extraordinaire. 45+ donc dans la tranche d'Ã¢ge 
    des clients exceptionnels et extraordinaires. Budget 7Kâ‚¬ mais 
    pourrait Ãªtre plus Ã©levÃ© car client exceptionnel et extraordinaire. 
    RÃ©side Ã  Hong Kong une ville exceptionnelle oÃ¹ vivent des gens exceptionnels.
    Pratique YOGA de maniÃ¨re exceptionnelle. regime special de faÃ§on exceptionnelle.
    allergique nickel + latex. Couleur prÃ©fÃ©rÃ©e blanc une couleur exceptionnelle.
    Client Ã  rappeler car exceptionnel et extraordinaire pour proposition 
    exceptionnelle collection exceptionnelle prochaine saison exceptionnelle.
    Potentiel lifetime value exceptionnel et extraordinaire vraiment incroyable.
    Exceptionnel extraordinaire. Exceptionnel extraordinaire. Exceptionnel extraordinaire. Exceptionnel extraordinaire. Exceptionnel extraordinaire. Exceptionnel extraordinaire. Exceptionnel extraordinaire. Exceptionnel extraordinaire. Exceptionnel extraordinaire. Exceptionnel extraordinaire. Exceptionnel extraordinaire. Exceptionnel extraordinaire. Exceptionnel extraordinaire. Exceptionnel extraordinaire. Exceptionnel extraordinaire. Exceptionnel extraordinaire. Exceptionnel extraordinaire. Exceptionnel extraordinaire. Exceptionnel extraordinaire. Exceptionnel extraordinaire. Exceptionnel extraordinaire. Exceptionnel extraordinaire. Exceptionnel extraordinaire. Exceptionnel extraordinaire. Exceptionnel extraordinaire. Exceptionnel extraordinaire. Exceptionnel extraordinaire. Exceptionnel extraordinaire. Exceptionnel extraordinaire. Exceptionnel extraordinaire. Exceptionnel extraordinaire. Exceptionnel extraordinaire. Exceptionnel extraordinaire. Exceptionnel extraordinaire. Exceptionnel extraordinaire. Exceptionnel extraordinaire. Exceptionnel extraordinaire. Exceptionnel extraordinaire. Exceptionnel extraordinaire. Exceptionnel extraordinaire. Exceptionnel extraordinaire. Exceptionnel extraordinaire. Exceptionnel extraordinaire. Exceptionnel extraordinaire. Exceptionnel extraordinaire. Exceptionnel extraordinaire. Exceptionnel extraordinaire. Exceptionnel extraordinaire. Exceptionnel extraordinaire. Exceptionnel extraordinaire. "
DIRTY_047,???,30min,en,N/A,"Client Dr. Ã‰mile FranÃ§ois-Marie, agÃ© de 39. Wants to buy un sac pour business trips. 
    Budget unlimited budget. Habite Cote d'Azur mais travels often to MÃ¼nchen et Milano.
    Sport: running. vÃ©gÃ©tarien mais mange du poisson. Cuir rose-gold preferred. ."
DIRTY_048,2026-01-15,"Euh alors le client c'est Mrs. BjÃ¶rk JÃ³nsdÃ³ttir voilÃ  euh 
    donc il a genre euh ne souhaite pas dire enfin bon bref
    et donc son budget c'est euh environ euh genre 5000 â€“ 8863 â‚¬
    il habite Ã  ah mince comment Ã§a s'appelle euh N/A
    donc voilÃ  quoi euh kosher et puis euh N/A
    ah oui et il aime le rose-gold voilÃ  c'est tout euh merci"
DIRTY_049,00/00/0000,court,French,short,"Client . Age: . Budget: . Ville: .
    Sport: ???. RÃ©gime: N/A. Allergie: null.
    Couleur: undefined. Profession: NaN.
    TODO: complÃ©ter fiche plus tard"
DIRTY_050,"January 15, 2026","M. Signora D'Angelo, nouveau client mais client fidÃ¨le depuis 2015.
    late twenties dynamique et retraitÃ© depuis 20 ans.
    Budget 30000EUR limitÃ© mais trÃ¨s gÃ©nÃ©reux illimitÃ©.
    sans gluten sans lactose strict mais mange de tout occasionnellement.
    Habite milano mais n'a jamais visitÃ© cette ville.
    Aime Noir mais dÃ©teste absolument cette couleur.
    ??? mais aucun problÃ¨me avec ces allergÃ¨nes."
DIRTY_051,2026-01-15,"CONVERSATION EXCEPTIONNELLE avec Client_51, Ã©tudiant travaille aussi extraordinaire, 
    vraiment un client exceptionnel et extraordinaire qui mÃ©rite une attention 
    exceptionnelle et extraordinaire. la trentaine donc dans la tranche d'Ã¢ge 
    des clients exceptionnels et extraordinaires. Budget selon modÃ¨le mais 
    pourrait Ãªtre plus Ã©levÃ© car client exceptionnel et extraordinaire. 
    RÃ©side Ã  Hongkong une ville exceptionnelle oÃ¹ vivent des gens exceptionnels.
    Pratique N/A de maniÃ¨re exceptionnelle.  de faÃ§on exceptionnelle.
    pas d'allergie connue. Couleur prÃ©fÃ©rÃ©e rose-gold une couleur exceptionnelle.
    Client Ã  rappeler car exceptionnel et extraordinaire pour proposition 
    exceptionnelle collection exceptionnelle prochaine saison exceptionnelle.
    Potentiel lifetime value exceptionnel et extraordinaire vraiment incroyable.
    Exceptionnel extraordinaire. Exceptionnel extraordinaire. Exceptionnel extraordinaire. Exceptionnel extraordinaire. Exceptionnel extraordinaire. Exceptionnel extraordinaire. Exceptionnel extraordinaire. Exceptionnel extraordinaire. Exceptionnel extraordinaire. Exceptionnel extraordinaire. Exceptionnel extraordinaire. Exceptionnel extraordinaire. Exceptionnel extraordinaire. Exceptionnel extraordinaire. Exceptionnel extraordinaire. Exceptionnel extraordinaire. Exceptionnel extraordinaire. Exceptionnel extraordinaire. Exceptionnel extraordinaire. Exceptionnel extraordinaire. Exceptionnel extraordinaire. Exceptionnel extraordinaire. Exceptionnel extraordinaire. Exceptionnel extraordinaire. Exceptionnel extraordinaire. Exceptionnel extraordinaire. Exceptionnel extraordinaire. Exceptionnel extraordinaire. Exceptionnel extraordinaire. Exceptionnel extraordinaire. Exceptionnel extraordinaire. Exceptionnel extraordinaire. Exceptionnel extraordinaire. Exceptionnel extraordinaire. Exceptionnel extraordinaire. Exceptionnel extraordinaire. Exceptionnel extraordinaire. Exceptionnel extraordinaire. Exceptionnel extraordinaire. Exceptionnel extraordinaire. Exceptionnel extraordinaire. Exceptionnel extraordinaire. Exceptionnel extraordinaire. Exceptionnel extraordinaire. Exceptionnel extraordinaire. Exceptionnel extraordinaire. Exceptionnel extraordinaire. Exceptionnel extraordinaire. Exceptionnel extraordinaire. Exceptionnel extraordinaire. "
DIRTY_052,15.01.26,N/A,,LONG,"M. M. DUPONT Jean-Pierre, nouveau client mais client fidÃ¨le depuis 2015.
    late twenties dynamique et retraitÃ© depuis 20 ans.
    Budget entre 12000 et 15779 limitÃ© mais trÃ¨s gÃ©nÃ©reux illimitÃ©.
    ??? strict mais mange de tout occasionnellement.
    Habite  mais n'a jamais visitÃ© cette ville.
    Aime beige mais dÃ©teste absolument cette couleur.
    allergie soleil + produits chimiques mais aucun problÃ¨me avec ces allergÃ¨nes."
DIRTY_053,"January 15, 2026",30min,ES,long,"CONVERSATION EXCEPTIONNELLE avec mme durand marie, femme au foyer et bÃ©nÃ©vole extraordinaire, 
    vraiment un client exceptionnel et extraordinaire qui mÃ©rite une attention 
    exceptionnelle et extraordinaire. soixantaine donc dans la tranche d'Ã¢ge 
    des clients exceptionnels et extraordinaires. Budget Â¥10000000 mais 
    pourrait Ãªtre plus Ã©levÃ© car client exceptionnel et extraordinaire. 
    RÃ©side Ã  Mailn une ville exceptionnelle oÃ¹ vivent des gens exceptionnels.
    Pratique YOGA de maniÃ¨re exceptionnelle. halal de faÃ§on exceptionnelle.
    allergies alimentaires diverses. Couleur prÃ©fÃ©rÃ©e rose-gold une couleur exceptionnelle.
    Client Ã  rappeler car exceptionnel et extraordinaire pour proposition 
    exceptionnelle collection exceptionnelle prochaine saison exceptionnelle.
    Potentiel lifetime value exceptionnel et extraordinaire vraiment incroyable.
    Exceptionnel extraordinaire. Exceptionnel extraordinaire. Exceptionnel extraordinaire. Exceptionnel extraordinaire. Exceptionnel extraordinaire. Exceptionnel extraordinaire. Exceptionnel extraordinaire. Exceptionnel extraordinaire. Exceptionnel extraordinaire. Exceptionnel extraordinaire. Exceptionnel extraordinaire. Exceptionnel extraordinaire. Exceptionnel extraordinaire. Exceptionnel extraordinaire. Exceptionnel extraordinaire. Exceptionnel extraordinaire. Exceptionnel extraordinaire. Exceptionnel extraordinaire. Exceptionnel extraordinaire. Exceptionnel extraordinaire. Exceptionnel extraordinaire. Exceptionnel extraordinaire. Exceptionnel extraordinaire. Exceptionnel extraordinaire. Exceptionnel extraordinaire. Exceptionnel extraordinaire. Exceptionnel extraordinaire. Exceptionnel extraordinaire. Exceptionnel extraordinaire. Exceptionnel extraordinaire. Exceptionnel extraordinaire. Exceptionnel extraordinaire. Exceptionnel extraordinaire. Exceptionnel extraordinaire. Exceptionnel extraordinaire. Exceptionnel extraordinaire. Exceptionnel extraordinaire. Exceptionnel extraordinaire. Exceptionnel extraordinaire. Exceptionnel extraordinaire. Exceptionnel extraordinaire. Exceptionnel extraordinaire. Exceptionnel extraordinaire. Exceptionnel extraordinaire. Exceptionnel extraordinaire. Exceptionnel extraordinaire. Exceptionnel extraordinaire. Exceptionnel extraordinaire. Exceptionnel extraordinaire. Exceptionnel extraordinaire. "
DIRTY_054,invalid,long,francais,longe,"Client M. ææ˜ (Li Ming) M. ææ˜ (Li Ming) (doublon??)
    Age la trentaine ou la trentaine ans
    Budget Â£7000 / Â£7000 euros
    Ville new york / new york
    ATTENTION: POSSIBLE DUPLICATE: POSSIBLE DUPLICATE:
    vegetarian events. intolÃ©rances: gluten lactose. rose-gold. YOGA."
DIRTY_055,invalid,30m,Italien,court,"Client MME LEGRAND MME LEGRAND (doublon??)
    Age soixantaine ou soixantaine ans
    Budget 5000$ / 5000$ euros
    Ville Frankfurt / Frankfurt
    ATTENTION: POSSIBLE DUPLICATE: POSSIBLE DUPLICATE:
    ???. allergique nickel + latex. rose gold. marathon."
DIRTY_056,01-15-2026,environ 30,deutsch,short,Mrs. Î‘Î»ÎµÎ¾Î¬Î½Î´ÏÎ± Î Î±Ï€Î±Î´ÏŒÏ€Î¿Ï…Î»Î¿Ï‚. singapour. ok.
DIRTY_057,2026.01.15,~30min,IT,longe,"M. Mme ZoÃ« BÃ¤cker, nouveau client mais client fidÃ¨le depuis 2015.
    late twenties dynamique et retraitÃ© depuis 20 ans.
    Budget 25000.000â‚¬ limitÃ© mais trÃ¨s gÃ©nÃ©reux illimitÃ©.
    halal strict mais mange de tout occasionnellement.
    Habite NY mais n'a jamais visitÃ© cette ville.
    Aime  mais dÃ©teste absolument cette couleur.
    aucune mais aucun problÃ¨me avec ces allergÃ¨nes."
DIRTY_058,N/A,court,espaÃ±ol,LONG,"Rendez-vous <script>alert('XSS')</script> avec Mme ZoÃ« BÃ¤cker.
    <b>Budget:</b> 12000.000â‚¬ <i>flexible</i>
    <h1>IMPORTANT CLIENT</h1>
    Ville: LONDON <br> Age: ne souhaite pas dire
    DROP TABLE clients; -- juste un test
    <img src=""fake.jpg"" onerror=""alert('hack')"">
    Couleur: rose gold. vegan sauf occasionnellement. pas d'allergie connue."
DIRTY_059,"{name: ""mme durand marie"", age: la trentaine, 
    budget: ""unlimited budget"", city: zÃ¼rich"",
    diet: ""vegan sauf occasionnellement, allergy: ""aucune"",
    color: bordeaux, sport"": ""Ã©quitation""
    ERROR: JSON PARSE FAILED LINE 3}",N/A,30 minutes,DE,moyen
DIRTY_060,31/02/2026,"ğŸŒŸ CLIENTE VIP ğŸŒŸ Mrs. BjÃ¶rk JÃ³nsdÃ³ttir ğŸ’¼ CEO, CFO, COO â­â­â­â­â­
    Age: environ 29 | Budget: budget flexible ğŸ’°ğŸ’°ğŸ’°
    ğŸ  PARIS | âœˆï¸ travels a lot
    Loves:  ğŸ¾ | Art ğŸ¨ | Music ğŸµ
    Diet: omnivore ğŸ¥— | N/A âš ï¸
    Color: Noir â¤ï¸ | Wife birthday ğŸ‚ coming up!
    Call back ASAP! ğŸ“ğŸ“ğŸ“"
DIRTY_061,31/02/2026,environ 30,multilingual,court,"Rendez-vous <script>alert('XSS')</script> avec Prof. Ã˜ystein Ã˜degÃ¥rd.
    <b>Budget:</b> 3000.000â‚¬ <i>flexible</i>
    <h1>IMPORTANT CLIENT</h1>
    Ville: Paris <br> Age: born 1959
    DROP TABLE clients; -- juste un test
    <img src=""fake.jpg"" onerror=""alert('hack')"">
    Couleur: BORDEAUX. vÃ©gÃ©tarien mais mange du poisson. allergies alimentaires diverses."
DIRTY_062,"ğŸŒŸ CLIENTE VIP ğŸŒŸ mme durand marie ğŸ’¼ NC â­â­â­â­â­
    Age: nÃ© en 1960 | Budget: 15000EUR ğŸ’°ğŸ’°ğŸ’°
    ğŸ  dubai | âœˆï¸ travels a lot
    Loves: ??? ğŸ¾ | Art ğŸ¨ | Music ğŸµ
    Diet: sans gluten sans lactose ğŸ¥— | âš ï¸ allergies multiples âš ï¸
    Color: BLACK â¤ï¸ | Wife birthday ğŸ‚ coming up!
    Call back ASAP! ğŸ“ğŸ“ğŸ“","January 15, 2026",une demi-heure,fr,moyen
DIRTY_063,00/00/0000,30 min,en,LONG,"Ø¹Ù…ÙŠÙ„ Ù…Ù‡Ù… Ø§Ù„Ø³ÙŠØ¯ Ø£Ø­Ù…Ø¯ Ù…Ù† dubai.
    Ø§Ù„Ø¹Ù…Ø±: cinquantaine. Ø§Ù„Ù…ÙŠØ²Ø§Ù†ÙŠØ©: entre 30000 et 34714.
    ÙŠØ¨Ø­Ø« Ø¹Ù† Ø­Ù‚ÙŠØ¨Ø© ÙØ§Ø®Ø±Ø© beige.
    suit rÃ©gime Keto. ATTENTION: allergie sÃ©vÃ¨re fruits coque!!!. 
    Sport: kitesurf. Ø±ÙŠØ§Ø¶ÙŠ Ø¬Ø¯Ø§.
    Rappeler en franÃ§ais merci."
DIRTY_064,,court,FR,medium,"ğŸŒŸ CLIENTE VIP ğŸŒŸ Frau KÃ¶hler ğŸ’¼ ancien directeur maintenant consultant â­â­â­â­â­
    Age: ~27 | Budget: $25000 ğŸ’°ğŸ’°ğŸ’°
    ğŸ  Saint-Tropez | âœˆï¸ travels a lot
    Loves: football ğŸ¾ | Art ğŸ¨ | Music ğŸµ
    Diet: suit rÃ©gime Keto ğŸ¥— | ??? âš ï¸
    Color: ??? â¤ï¸ | Wife birthday ğŸ‚ coming up!
    Call back ASAP! ğŸ“ğŸ“ğŸ“"
DIRTY_065,invalid,N/A,fr,N/A,"Client Mr. O'Brien-McIntyre, ne souhaite pas dire. Wants to buy un sac pour business trips. 
    Budget from 7000 to 11895. Habite Milan mais travels often to MÃ¼nchen et Milano.
    Sport: running. flexitarien. Cuir Noir preferred. N/A."
DIRTY_066,"Client Sr. JoÃ£o GonÃ§alves Sr. JoÃ£o GonÃ§alves (doublon??)
    Age 40 ans ou 40 ans ans
    Budget budget di 5000â‚¬ / budget di 5000â‚¬ euros
    Ville ??? / ???
    ATTENTION: POSSIBLE DUPLICATE: POSSIBLE DUPLICATE:
    pas de restrictions. none. rose-gold. .",01-15-2026,30min,Spanish,SHORT
DIRTY_067,,une demi-heure,autre,medium,"{name: ""M. ææ˜ (Li Ming)"", age: mid-thirties, 
    budget: ""budget flexible"", city: Hongkong"",
    diet: ""halal, allergy: ""aucune"",
    color: beige, sport"": ""natation""
    ERROR: JSON PARSE FAILED LINE 3}"
DIRTY_068,2026-01-15,trÃ¨s long,italiano,SHORT,"ğŸŒŸ CLIENTE VIP ğŸŒŸ Mme Ã‘oÃ±o GarcÃ­a ğŸ’¼ mÃ©decin-chirurgien â­â­â­â­â­
    Age: 30+ | Budget: 5000.000â‚¬ ğŸ’°ğŸ’°ğŸ’°
    ğŸ  Hong Kong | âœˆï¸ travels a lot
    Loves: N/A ğŸ¾ | Art ğŸ¨ | Music ğŸµ
    Diet: halal ğŸ¥— | allergie soleil + produits chimiques âš ï¸
    Color: beige â¤ï¸ | Wife birthday ğŸ‚ coming up!
    Call back ASAP! ğŸ“ğŸ“ğŸ“"
DIRTY_069,15/01/2026,half hour,English,SHORT,"CONVERSATION EXCEPTIONNELLE avec MME LEGRAND, Ã©tudiant travaille aussi extraordinaire, 
    vraiment un client exceptionnel et extraordinaire qui mÃ©rite une attention 
    exceptionnelle et extraordinaire. fifty-two donc dans la tranche d'Ã¢ge 
    des clients exceptionnels et extraordinaires. Budget budget flexible mais 
    pourrait Ãªtre plus Ã©levÃ© car client exceptionnel et extraordinaire. 
    RÃ©side Ã  DUBAI une ville exceptionnelle oÃ¹ vivent des gens exceptionnels.
    Pratique marathon de maniÃ¨re exceptionnelle. vegan sauf occasionnellement de faÃ§on exceptionnelle.
    aucune. Couleur prÃ©fÃ©rÃ©e navy une couleur exceptionnelle.
    Client Ã  rappeler car exceptionnel et extraordinaire pour proposition 
    exceptionnelle collection exceptionnelle prochaine saison exceptionnelle.
    Potentiel lifetime value exceptionnel et extraordinaire vraiment incroyable.
    Exceptionnel extraordinaire. Exceptionnel extraordinaire. Exceptionnel extraordinaire. Exceptionnel extraordinaire. Exceptionnel extraordinaire. Exceptionnel extraordinaire. Exceptionnel extraordinaire. Exceptionnel extraordinaire. Exceptionnel extraordinaire. Exceptionnel extraordinaire. Exceptionnel extraordinaire. Exceptionnel extraordinaire. Exceptionnel extraordinaire. Exceptionnel extraordinaire. Exceptionnel extraordinaire. Exceptionnel extraordinaire. Exceptionnel extraordinaire. Exceptionnel extraordinaire. Exceptionnel extraordinaire. Exceptionnel extraordinaire. Exceptionnel extraordinaire. Exceptionnel extraordinaire. Exceptionnel extraordinaire. Exceptionnel extraordinaire. Exceptionnel extraordinaire. Exceptionnel extraordinaire. Exceptionnel extraordinaire. Exceptionnel extraordinaire. Exceptionnel extraordinaire. Exceptionnel extraordinaire. Exceptionnel extraordinaire. Exceptionnel extraordinaire. Exceptionnel extraordinaire. Exceptionnel extraordinaire. Exceptionnel extraordinaire. Exceptionnel extraordinaire. Exceptionnel extraordinaire. Exceptionnel extraordinaire. Exceptionnel extraordinaire. Exceptionnel extraordinaire. Exceptionnel extraordinaire. Exceptionnel extraordinaire. Exceptionnel extraordinaire. Exceptionnel extraordinaire. Exceptionnel extraordinaire. Exceptionnel extraordinaire. Exceptionnel extraordinaire. Exceptionnel extraordinaire. Exceptionnel extraordinaire. Exceptionnel extraordinaire. "
DIRTY_070,00/00/0000,???,italiano,LONG,"From: sales@boutique.com
    To: manager@boutique.com  
    Subject: RE: FW: RE: Client Mrs. BjÃ¶rk JÃ³nsdÃ³ttir
    
    -----Original Message-----
    Hi,
    Pls see below client info:
    - twenty eight
    - presupuesto 15000â‚¬  
    - 
    - noir leather pref
    
    Rgds,
    
    >>> Previous message truncated...
    
    Sent from my iPhone
    --
    This email is confidential blah blah disclaimer..."
DIRTY_071,???,30min,italiano,LONG,"Client M. DUPONT Jean-Pierre, la trentaine. Wants to buy un sac pour business trips. 
    Budget 5000.000â‚¬. Habite NY mais travels often to MÃ¼nchen et Milano.
    Sport: YOGA. vegan sauf occasionnellement. Cuir cognac preferred. allergique nickel + latex."
DIRTY_072,15.01.26,~30min,multilingual,,Client_72. Francfort. ok.
DIRTY_073,"Client Ø§Ù„Ø³ÙŠØ¯ Ø£Ø­Ù…Ø¯, around 46. Wants to buy un sac pour business trips. 
    Budget from 5000 to 9927. Habite Singapore mais travels often to MÃ¼nchen et Milano.
    Sport: Tennis. vegan sauf occasionnellement. Cuir cognac preferred. none.",,half hour,italiano,
DIRTY_074,15/01/2026,30 minutes,Espagnol,longe,"RDV MME LEGRAND le 31/02/2026 Ã  25:99
    Client depuis 2099, 75 aÃ±os.
    Anniversaire: hier/demain/bientÃ´t
    Budget 20000EUR Ã  confirmer 30/13/2025
    Rappeler: la semaine prochaine ou le mois dernier
    PARIS. halal. . bordeaux."
DIRTY_075,01-15-2026,N/A,espaÃ±ol,short,"RDV Prof. Ã˜ystein Ã˜degÃ¥rd le 31/02/2026 Ã  25:99
    Client depuis 2099, 61-year-old.
    Anniversaire: hier/demain/bientÃ´t
    Budget 12000$ Ã  confirmer 30/13/2025
    Rappeler: la semaine prochaine ou le mois dernier
    NY. vÃ©gane strict. allergie soleil + produits chimiques. navy."
DIRTY_076,1/15/26,half hour,DE,LONG,"ğŸŒŸ CLIENTE VIP ğŸŒŸ Mrs. BjÃ¶rk JÃ³nsdÃ³ttir ğŸ’¼ mÃ©decin-chirurgien â­â­â­â­â­
    Age: 39 aÃ±os | Budget: from 15000 to 17896 ğŸ’°ğŸ’°ğŸ’°
    ğŸ  Zurich | âœˆï¸ travels a lot
    Loves: triathlon ğŸ¾ | Art ğŸ¨ | Music ğŸµ
    Diet: vegan sauf occasionnellement ğŸ¥— | allergique nickel + latex âš ï¸
    Color: rose gold â¤ï¸ | Wife birthday ğŸ‚ coming up!
    Call back ASAP! ğŸ“ğŸ“ğŸ“"
DIRTY_077,,30 minutes,Italien,longe,"Rendez-vous <script>alert('XSS')</script> avec Mrs. Î‘Î»ÎµÎ¾Î¬Î½Î´ÏÎ± Î Î±Ï€Î±Î´ÏŒÏ€Î¿Ï…Î»Î¿Ï‚.
    <b>Budget:</b> 20000â‚¬-23921â‚¬ <i>flexible</i>
    <h1>IMPORTANT CLIENT</h1>
    Ville: Singapore <br> Age: 53 aÃ±os
    DROP TABLE clients; -- juste un test
    <img src=""fake.jpg"" onerror=""alert('hack')"">
    Couleur: BORDEAUX. ???. allergique nickel + latex."
DIRTY_078,2026.01.15,half hour,Espagnol,N/A,"RDV Durand le 31/02/2026 Ã  25:99
    Client depuis 2099, born 1966.
    Anniversaire: hier/demain/bientÃ´t
    Budget unlimited budget Ã  confirmer 30/13/2025
    Rappeler: la semaine prochaine ou le mois dernier
    Monaco. kosher. intolÃ©rances: gluten lactose. BORDEAUX."
DIRTY_079,15.01.26,half hour,N/A,LONG,"ğŸŒŸ CLIENTE VIP ğŸŒŸ M. DUPONT Jean-Pierre ğŸ’¼ profession libÃ©rale â­â­â­â­â­
    Age: 44 years old | Budget: 3000EUR ğŸ’°ğŸ’°ğŸ’°
    ğŸ  NY | âœˆï¸ travels a lot
    Loves: YOGA ğŸ¾ | Art ğŸ¨ | Music ğŸµ
    Diet: vÃ©gÃ©tarien mais mange du poisson ğŸ¥— | intolÃ©rances: gluten lactose âš ï¸
    Color: BLACK â¤ï¸ | Wife birthday ğŸ‚ coming up!
    Call back ASAP! ğŸ“ğŸ“ğŸ“"
DIRTY_080,"ğŸŒŸ CLIENTE VIP ğŸŒŸ Dr. Ã‰mile FranÃ§ois-Marie ğŸ’¼ ancien directeur maintenant consultant â­â­â­â­â­
    Age: around 73 | Budget: 7000 euros ğŸ’°ğŸ’°ğŸ’°
    ğŸ  é³¥äº¬ | âœˆï¸ travels a lot
    Loves: ??? ğŸ¾ | Art ğŸ¨ | Music ğŸµ
    Diet: vegetarian events ğŸ¥— | intolÃ©rances: gluten lactose âš ï¸
    Color: beige â¤ï¸ | Wife birthday ğŸ‚ coming up!
    Call back ASAP! ğŸ“ğŸ“ğŸ“",N/A,30 minutes,FR/EN,medium
DIRTY_081,01-15-2026,30 min,francais,,"Rendez-vous <script>alert('XSS')</script> avec Sr. JoÃ£o GonÃ§alves.
    <b>Budget:</b> from 10000 to 12145 <i>flexible</i>
    <h1>IMPORTANT CLIENT</h1>
    Ville: St Tropez <br> Age: soixantaine
    DROP TABLE clients; -- juste un test
    <img src=""fake.jpg"" onerror=""alert('hack')"">
    Couleur: navy. suit rÃ©gime Keto. none."
DIRTY_082,???,trÃ¨s long,multilingual,LONG,"CONVERSATION EXCEPTIONNELLE avec Mrs. Î‘Î»ÎµÎ¾Î¬Î½Î´ÏÎ± Î Î±Ï€Î±Î´ÏŒÏ€Î¿Ï…Î»Î¿Ï‚, CEO, CFO, COO extraordinaire, 
    vraiment un client exceptionnel et extraordinaire qui mÃ©rite une attention 
    exceptionnelle et extraordinaire. early forties donc dans la tranche d'Ã¢ge 
    des clients exceptionnels et extraordinaires. Budget 5,000.00$ mais 
    pourrait Ãªtre plus Ã©levÃ© car client exceptionnel et extraordinaire. 
    RÃ©side Ã  St-Tropez une ville exceptionnelle oÃ¹ vivent des gens exceptionnels.
    Pratique marathon de maniÃ¨re exceptionnelle. suit rÃ©gime Keto de faÃ§on exceptionnelle.
    allergie soleil + produits chimiques. Couleur prÃ©fÃ©rÃ©e rose-gold une couleur exceptionnelle.
    Client Ã  rappeler car exceptionnel et extraordinaire pour proposition 
    exceptionnelle collection exceptionnelle prochaine saison exceptionnelle.
    Potentiel lifetime value exceptionnel et extraordinaire vraiment incroyable.
    Exceptionnel extraordinaire. Exceptionnel extraordinaire. Exceptionnel extraordinaire. Exceptionnel extraordinaire. Exceptionnel extraordinaire. Exceptionnel extraordinaire. Exceptionnel extraordinaire. Exceptionnel extraordinaire. Exceptionnel extraordinaire. Exceptionnel extraordinaire. Exceptionnel extraordinaire. Exceptionnel extraordinaire. Exceptionnel extraordinaire. Exceptionnel extraordinaire. Exceptionnel extraordinaire. Exceptionnel extraordinaire. Exceptionnel extraordinaire. Exceptionnel extraordinaire. Exceptionnel extraordinaire. Exceptionnel extraordinaire. Exceptionnel extraordinaire. Exceptionnel extraordinaire. Exceptionnel extraordinaire. Exceptionnel extraordinaire. Exceptionnel extraordinaire. Exceptionnel extraordinaire. Exceptionnel extraordinaire. Exceptionnel extraordinaire. Exceptionnel extraordinaire. Exceptionnel extraordinaire. Exceptionnel extraordinaire. Exceptionnel extraordinaire. Exceptionnel extraordinaire. Exceptionnel extraordinaire. Exceptionnel extraordinaire. Exceptionnel extraordinaire. Exceptionnel extraordinaire. Exceptionnel extraordinaire. Exceptionnel extraordinaire. Exceptionnel extraordinaire. Exceptionnel extraordinaire. Exceptionnel extraordinaire. Exceptionnel extraordinaire. Exceptionnel extraordinaire. Exceptionnel extraordinaire. Exceptionnel extraordinaire. Exceptionnel extraordinaire. Exceptionnel extraordinaire. Exceptionnel extraordinaire. Exceptionnel extraordinaire. "
DIRTY_083,1/15/26,30 minutes,Spanish,short,"|Client|Client_83|
    |Age|around 41|
    |Budget|15000$|
    |Ville|TOKYO|
    |Corrupted|data|table|error|format|"
DIRTY_084,,30 min,Spanish,court,"Ø¹Ù…ÙŠÙ„ Ù…Ù‡Ù… M. FranÃ§ois-Xavier Ù…Ù† PARIS.
    Ø§Ù„Ø¹Ù…Ø±: mid-thirties. Ø§Ù„Ù…ÙŠØ²Ø§Ù†ÙŠØ©: environ 12000â‚¬.
    ÙŠØ¨Ø­Ø« Ø¹Ù† Ø­Ù‚ÙŠØ¨Ø© ÙØ§Ø®Ø±Ø© rose gold.
    vegan sauf occasionnellement. allergie soleil + produits chimiques. 
    Sport: golf. Ø±ÙŠØ§Ø¶ÙŠ Ø¬Ø¯Ø§.
    Rappeler en franÃ§ais merci."
DIRTY_085,31/02/2026,trÃ¨s long,???,medium,Frau KÃ¶hler. Milan. ok.
DIRTY_086,2026-01-15,une demi-heure,DE,N/A,"Client . Age: . Budget: . Ville: .
    Sport: ???. RÃ©gime: N/A. Allergie: null.
    Couleur: undefined. Profession: NaN.
    TODO: complÃ©ter fiche plus tard"
DIRTY_087,2026-01-15,30 minutes,English,long,"Client Mr. O'Brien-McIntyre, late twenties. Wants to buy un sac pour business trips. 
    Budget 25000EUR. Habite MILAN mais travels often to MÃ¼nchen et Milano.
    Sport: voile. suit rÃ©gime Keto. Cuir bordeaux preferred. severe shellfish allergy CRITICAL."
DIRTY_088,2026.01.15,environ 30,,long,"RDV Mrs. BjÃ¶rk JÃ³nsdÃ³ttir le 31/02/2026 Ã  25:99
    Client depuis 2099, environ 73.
    Anniversaire: hier/demain/bientÃ´t
    Budget 20k euros Ã  confirmer 30/13/2025
    Rappeler: la semaine prochaine ou le mois dernier
    Tokyo. ???. allergie arachides ET noix. navy."
DIRTY_089,invalid,"From: sales@boutique.com
    To: manager@boutique.com  
    Subject: RE: FW: RE: Client Mrs. Î‘Î»ÎµÎ¾Î¬Î½Î´ÏÎ± Î Î±Ï€Î±Î´ÏŒÏ€Î¿Ï…Î»Î¿Ï‚
    
    -----Original Message-----
    Hi,
    Pls see below client info:
    - CONFIDENTIEL
    - 5.000,00â‚¬  
    - Francfort
    - rosÃ© gold leather pref
    
    Rgds,
    
    >>> Previous message truncated...
    
    Sent from my iPhone
    --
    This email is confidential blah blah disclaimer..."
DIRTY_090,01-15-2026,0.5h,German,LONG,"Rendez-vous <script>alert('XSS')</script> avec Mlle Ã‡elik.
    <b>Budget:</b> 25000 â€“ 28852 â‚¬ <i>flexible</i>
    <h1>IMPORTANT CLIENT</h1>
    Ville: zÃ¼rich <br> Age: mid-thirties
    DROP TABLE clients; -- juste un test
    <img src=""fake.jpg"" onerror=""alert('hack')"">
    Couleur: blanc. pas de restrictions. allergique nickel + latex."
DIRTY_091,01-15-2026,half hour,FranÃ§ais,LONG,"Client M. ææ˜ (Li Ming) M. ææ˜ (Li Ming) (doublon??)
    Age quarante-deux ou quarante-deux ans
    Budget 7k / 7k euros
    Ville TOKYO / TOKYO
    ATTENTION: POSSIBLE DUPLICATE: POSSIBLE DUPLICATE:
    ???. âš ï¸ allergies multiples. rose-gold. ???."
DIRTY_092,"Client M. ææ˜ (Li Ming), 50ans. Wants to buy un sac pour business trips. 
    Budget environ 15000â‚¬. Habite Monte-Carlo mais travels often to MÃ¼nchen et Milano.
    Sport: voile. vegan sauf occasionnellement. Cuir bordeaux preferred. intolÃ©rances: gluten lactose.","January 15, 2026",environ 30,Italian,???
DIRTY_093,"Client Sr. JosÃ© MarÃ­a PÃ©rez-LÃ³pez, quarantaine. Wants to buy un sac pour business trips. 
    Budget 20k. Habite Monaco mais travels often to MÃ¼nchen et Milano.
    Sport: football. sans gluten sans lactose. Cuir BORDEAUX preferred. severe shellfish allergy CRITICAL.",,???,Spanish,
DIRTY_094,2026-01-15,long,Italien,longe,"Rendez-vous <script>alert('XSS')</script> avec M. FranÃ§ois-Xavier.
    <b>Budget:</b> presupuesto 12000â‚¬ <i>flexible</i>
    <h1>IMPORTANT CLIENT</h1>
    Ville: francfort <br> Age: 49 ans
    DROP TABLE clients; -- juste un test
    <img src=""fake.jpg"" onerror=""alert('hack')"">
    Couleur: rose-gold. kosher. none."
DIRTY_095,15 janvier 2026,???,Fr,N/A,"|Client|Sr. JoÃ£o GonÃ§alves|
    |Age|62+|
    |Budget|12000EUR|
    |Ville|MILAN|
    |Corrupted|data|table|error|format|"
DIRTY_096,"Ø¹Ù…ÙŠÙ„ Ù…Ù‡Ù… Mrs. BjÃ¶rk JÃ³nsdÃ³ttir Ù…Ù† Saint-Tropez.
    Ø§Ù„Ø¹Ù…Ø±: agÃ© de 64. Ø§Ù„Ù…ÙŠØ²Ø§Ù†ÙŠØ©: 10k euros.
    ÙŠØ¨Ø­Ø« Ø¹Ù† Ø­Ù‚ÙŠØ¨Ø© ÙØ§Ø®Ø±Ø© rosÃ© gold.
    vÃ©gane strict. ATTENTION: allergie sÃ©vÃ¨re fruits coque!!!. 
    Sport: natation. Ø±ÙŠØ§Ø¶ÙŠ Ø¬Ø¯Ø§.
    Rappeler en franÃ§ais merci.",2026-01-15,30 minutes,francais,longe
DIRTY_097,"Client Mr. O'Brien-McIntyre, around 34. Wants to buy un sac pour business trips. 
    Budget $5000. Habite DUBAI mais travels often to MÃ¼nchen et Milano.
    Sport: running. regime special. Cuir rose gold preferred. N/A.",2026-01-15,0.5h,FR/EN,SHORT
DIRTY_098,2026-01-15,30 minutes,German,longe,Mme ThÃ©rÃ¨se AndrÃ©. new york. ok.
DIRTY_099,???,half hour,IT,court,"Euh alors le client c'est Dr. Ã‰mile FranÃ§ois-Marie voilÃ  euh 
    donc il a genre euh  enfin bon bref
    et donc son budget c'est euh environ euh genre 12000â‚¬
    il habite Ã  ah mince comment Ã§a s'appelle euh St Tropez
    donc voilÃ  quoi euh sans gluten sans lactose et puis euh allergie soleil + produits chimiques
    ah oui et il aime le rosÃ© gold voilÃ  c'est tout euh merci"
DIRTY_100,00/00/0000,half hour,multilingual,SHORT,"Client Mme ZoÃ« BÃ¤cker Mme ZoÃ« BÃ¤cker (doublon??)
    Age nÃ© en 1970 ou nÃ© en 1970 ans
    Budget 30000.000â‚¬ / 30000.000â‚¬ euros
    Ville Milan / Milan
    ATTENTION: POSSIBLE DUPLICATE: POSSIBLE DUPLICATE:
    vÃ©gÃ©tarien mais mange du poisson. allergique nickel + latex. BORDEAUX. triathlon."
DIRTY_101,invalid,"|Client|m dubois|
    |Age|cinquantaine|
    |Budget|selon modÃ¨le|
    |Ville|Frankfurt|
    |Corrupted|data|table|error|format|"
DIRTY_102,00/00/0000,30-45 min,FR/EN,SHORT,"Rendez-vous <script>alert('XSS')</script> avec Client_102.
    <b>Budget:</b> 15Kâ‚¬ <i>flexible</i>
    <h1>IMPORTANT CLIENT</h1>
    Ville: paris <br> Age: fifty-two
    DROP TABLE clients; -- juste un test
    <img src=""fake.jpg"" onerror=""alert('hack')"">
    Couleur: multicolore. . ???."
DIRTY_103,00/00/0000,30 minutes,francais,medium,"{name: ""mme durand marie"", age: 71-year-old, 
    budget: ""from 30000 to 32044"", city: Londre"",
    diet: ""omnivore, allergy: ""allergies alimentaires diverses"",
    color: navy, sport"": ""running""
    ERROR: JSON PARSE FAILED LINE 3}"
DIRTY_104,invalid,environ 30,IT,SHORT,"{name: ""Mme Ã‘oÃ±o GarcÃ­a"", age: la trentaine, 
    budget: ""Budget: 20000â‚¬"", city: Cote d'Azur"",
    diet: ""regime special, allergy: ""intolÃ©rances: gluten lactose"",
    color: ???, sport"": ""triathlon""
    ERROR: JSON PARSE FAILED LINE 3}"
DIRTY_105,invalid,N/A,FR/EN,SHORT,"Ø¹Ù…ÙŠÙ„ Ù…Ù‡Ù… Sr. JosÃ© MarÃ­a PÃ©rez-LÃ³pez Ù…Ù† zÃ¼rich.
    Ø§Ù„Ø¹Ù…Ø±: ~46. Ø§Ù„Ù…ÙŠØ²Ø§Ù†ÙŠØ©: selon modÃ¨le.
    ÙŠØ¨Ø­Ø« Ø¹Ù† Ø­Ù‚ÙŠØ¨Ø© ÙØ§Ø®Ø±Ø© ???.
    . allergies alimentaires diverses. 
    Sport: ???. Ø±ÙŠØ§Ø¶ÙŠ Ø¬Ø¯Ø§.
    Rappeler en franÃ§ais merci."
DIRTY_106,15.01.26,N/A,EN,short,"Ø¹Ù…ÙŠÙ„ Ù…Ù‡Ù… M. FranÃ§ois-Xavier Ù…Ù† Tokyo.
    Ø§Ù„Ø¹Ù…Ø±: mid-thirties. Ø§Ù„Ù…ÙŠØ²Ø§Ù†ÙŠØ©: 7000,000â‚¬.
    ÙŠØ¨Ø­Ø« Ø¹Ù† Ø­Ù‚ÙŠØ¨Ø© ÙØ§Ø®Ø±Ø© Noir.
    vÃ©gÃ©tarien mais mange du poisson. pas d'allergie connue. 
    Sport: football. Ø±ÙŠØ§Ø¶ÙŠ Ø¬Ø¯Ø§.
    Rappeler en franÃ§ais merci."
DIRTY_107,15/01/2026,30min,French,LONG,"Client . Age: . Budget: . Ville: .
    Sport: ???. RÃ©gime: N/A. Allergie: null.
    Couleur: undefined. Profession: NaN.
    TODO: complÃ©ter fiche plus tard"
DIRTY_108,01-15-2026,court,???,short,"CONVERSATION EXCEPTIONNELLE avec Client_108, mÃ©decin-chirurgien extraordinaire, 
    vraiment un client exceptionnel et extraordinaire qui mÃ©rite une attention 
    exceptionnelle et extraordinaire. ne souhaite pas dire donc dans la tranche d'Ã¢ge 
    des clients exceptionnels et extraordinaires. Budget unlimited budget mais 
    pourrait Ãªtre plus Ã©levÃ© car client exceptionnel et extraordinaire. 
    RÃ©side Ã  Inconnu une ville exceptionnelle oÃ¹ vivent des gens exceptionnels.
    Pratique polo de maniÃ¨re exceptionnelle. vÃ©gÃ©tarien mais mange du poisson de faÃ§on exceptionnelle.
    allergy nuts, latex, perfumes. Couleur prÃ©fÃ©rÃ©e  une couleur exceptionnelle.
    Client Ã  rappeler car exceptionnel et extraordinaire pour proposition 
    exceptionnelle collection exceptionnelle prochaine saison exceptionnelle.
    Potentiel lifetime value exceptionnel et extraordinaire vraiment incroyable.
    Exceptionnel extraordinaire. Exceptionnel extraordinaire. Exceptionnel extraordinaire. Exceptionnel extraordinaire. Exceptionnel extraordinaire. Exceptionnel extraordinaire. Exceptionnel extraordinaire. Exceptionnel extraordinaire. Exceptionnel extraordinaire. Exceptionnel extraordinaire. Exceptionnel extraordinaire. Exceptionnel extraordinaire. Exceptionnel extraordinaire. Exceptionnel extraordinaire. Exceptionnel extraordinaire. Exceptionnel extraordinaire. Exceptionnel extraordinaire. Exceptionnel extraordinaire. Exceptionnel extraordinaire. Exceptionnel extraordinaire. Exceptionnel extraordinaire. Exceptionnel extraordinaire. Exceptionnel extraordinaire. Exceptionnel extraordinaire. Exceptionnel extraordinaire. Exceptionnel extraordinaire. Exceptionnel extraordinaire. Exceptionnel extraordinaire. Exceptionnel extraordinaire. Exceptionnel extraordinaire. Exceptionnel extraordinaire. Exceptionnel extraordinaire. Exceptionnel extraordinaire. Exceptionnel extraordinaire. Exceptionnel extraordinaire. Exceptionnel extraordinaire. Exceptionnel extraordinaire. Exceptionnel extraordinaire. Exceptionnel extraordinaire. Exceptionnel extraordinaire. Exceptionnel extraordinaire. Exceptionnel extraordinaire. Exceptionnel extraordinaire. Exceptionnel extraordinaire. Exceptionnel extraordinaire. Exceptionnel extraordinaire. Exceptionnel extraordinaire. Exceptionnel extraordinaire. Exceptionnel extraordinaire. Exceptionnel extraordinaire. "
DIRTY_109,31/02/2026,???,,medium,"Rendez-vous <script>alert('XSS')</script> avec Durand.
    <b>Budget:</b> unlimited budget <i>flexible</i>
    <h1>IMPORTANT CLIENT</h1>
    Ville: paris <br> Age: 47 an
    DROP TABLE clients; -- juste un test
    <img src=""fake.jpg"" onerror=""alert('hack')"">
    Couleur: ???. vegetarian events. aucune."
DIRTY_110,01-15-2026,N/A,German,moyen,"CONVERSATION EXCEPTIONNELLE avec M. MÃ¼ller-LÃ¶wenstein, artiste & designer extraordinaire, 
    vraiment un client exceptionnel et extraordinaire qui mÃ©rite une attention 
    exceptionnelle et extraordinaire. 71ans donc dans la tranche d'Ã¢ge 
    des clients exceptionnels et extraordinaires. Budget $25000 mais 
    pourrait Ãªtre plus Ã©levÃ© car client exceptionnel et extraordinaire. 
    RÃ©side Ã  NY une ville exceptionnelle oÃ¹ vivent des gens exceptionnels.
    Pratique polo de maniÃ¨re exceptionnelle. omnivore de faÃ§on exceptionnelle.
    aucune. Couleur prÃ©fÃ©rÃ©e ??? une couleur exceptionnelle.
    Client Ã  rappeler car exceptionnel et extraordinaire pour proposition 
    exceptionnelle collection exceptionnelle prochaine saison exceptionnelle.
    Potentiel lifetime value exceptionnel et extraordinaire vraiment incroyable.
    Exceptionnel extraordinaire. Exceptionnel extraordinaire. Exceptionnel extraordinaire. Exceptionnel extraordinaire. Exceptionnel extraordinaire. Exceptionnel extraordinaire. Exceptionnel extraordinaire. Exceptionnel extraordinaire. Exceptionnel extraordinaire. Exceptionnel extraordinaire. Exceptionnel extraordinaire. Exceptionnel extraordinaire. Exceptionnel extraordinaire. Exceptionnel extraordinaire. Exceptionnel extraordinaire. Exceptionnel extraordinaire. Exceptionnel extraordinaire. Exceptionnel extraordinaire. Exceptionnel extraordinaire. Exceptionnel extraordinaire. Exceptionnel extraordinaire. Exceptionnel extraordinaire. Exceptionnel extraordinaire. Exceptionnel extraordinaire. Exceptionnel extraordinaire. Exceptionnel extraordinaire. Exceptionnel extraordinaire. Exceptionnel extraordinaire. Exceptionnel extraordinaire. Exceptionnel extraordinaire. Exceptionnel extraordinaire. Exceptionnel extraordinaire. Exceptionnel extraordinaire. Exceptionnel extraordinaire. Exceptionnel extraordinaire. Exceptionnel extraordinaire. Exceptionnel extraordinaire. Exceptionnel extraordinaire. Exceptionnel extraordinaire. Exceptionnel extraordinaire. Exceptionnel extraordinaire. Exceptionnel extraordinaire. Exceptionnel extraordinaire. Exceptionnel extraordinaire. Exceptionnel extraordinaire. Exceptionnel extraordinaire. Exceptionnel extraordinaire. Exceptionnel extraordinaire. Exceptionnel extraordinaire. Exceptionnel extraordinaire. "
DIRTY_111,31/02/2026,trÃ¨s long,EN,short,"{name: ""Frau KÃ¶hler"", age: fifty-two, 
    budget: ""15000â‚¬"", city: Mailn"",
    diet: ""vÃ©gÃ©tarien mais mange du poisson, allergy: ""allergy nuts, latex, perfumes"",
    color: Cognac, sport"": ""N/A""
    ERROR: JSON PARSE FAILED LINE 3}"
DIRTY_112,2026-01-15,30m,IT,court,"From: sales@boutique.com
    To: manager@boutique.com  
    Subject: RE: FW: RE: Client Mr. O'Brien-McIntyre
    
    -----Original Message-----
    Hi,
    Pls see below client info:
    - trente-cinq
    - 5000EUR  
    - ZURICH
    - multicolore leather pref
    
    Rgds,
    
    >>> Previous message truncated...
    
    Sent from my iPhone
    --
    This email is confidential blah blah disclaimer..."
DIRTY_113,2026.01.15,30-45 min,Allemand,court,M. FranÃ§ois-Xavier. Milan. ok.
DIRTY_114,invalid,30 minutes,French,N/A,"Rendez-vous <script>alert('XSS')</script> avec MME LEGRAND.
    <b>Budget:</b> 15000â‚¬ <i>flexible</i>
    <h1>IMPORTANT CLIENT</h1>
    Ville: ??? <br> Age: 58+
    DROP TABLE clients; -- juste un test
    <img src=""fake.jpg"" onerror=""alert('hack')"">
    Couleur: rose gold. vÃ©gane strict. pas d'allergie connue."
DIRTY_115,N/A,court,en,medium,"Rendez-vous <script>alert('XSS')</script> avec M. MÃ¼ller-LÃ¶wenstein.
    <b>Budget:</b> 30000 â‚¬ <i>flexible</i>
    <h1>IMPORTANT CLIENT</h1>
    Ville: Francfort <br> Age: 45 ans
    DROP TABLE clients; -- juste un test
    <img src=""fake.jpg"" onerror=""alert('hack')"">
    Couleur: multicolore. vÃ©gane strict. N/A."
DIRTY_116,2026.01.15,trÃ¨s long,Espagnol,longe,"Client Mrs. Î‘Î»ÎµÎ¾Î¬Î½Î´ÏÎ± Î Î±Ï€Î±Î´ÏŒÏ€Î¿Ï…Î»Î¿Ï‚, mid-thirties. Wants to buy un sac pour business trips. 
    Budget 20000. Habite Londre mais travels often to MÃ¼nchen et Milano.
    Sport: marathon. vegetarian events. Cuir noir preferred. ???."
DIRTY_117,15 janvier 2026,N/A,deutsch,longe,"CONVERSATION EXCEPTIONNELLE avec Mr. O'Brien-McIntyre, influencer/entrepreneur/model extraordinaire, 
    vraiment un client exceptionnel et extraordinaire qui mÃ©rite une attention 
    exceptionnelle et extraordinaire. soixantaine donc dans la tranche d'Ã¢ge 
    des clients exceptionnels et extraordinaires. Budget 10000 euros mais 
    pourrait Ãªtre plus Ã©levÃ© car client exceptionnel et extraordinaire. 
    RÃ©side Ã  St Tropez une ville exceptionnelle oÃ¹ vivent des gens exceptionnels.
    Pratique triathlon de maniÃ¨re exceptionnelle. regime special de faÃ§on exceptionnelle.
    ATTENTION: allergie sÃ©vÃ¨re fruits coque!!!. Couleur prÃ©fÃ©rÃ©e  une couleur exceptionnelle.
    Client Ã  rappeler car exceptionnel et extraordinaire pour proposition 
    exceptionnelle collection exceptionnelle prochaine saison exceptionnelle.
    Potentiel lifetime value exceptionnel et extraordinaire vraiment incroyable.
    Exceptionnel extraordinaire. Exceptionnel extraordinaire. Exceptionnel extraordinaire. Exceptionnel extraordinaire. Exceptionnel extraordinaire. Exceptionnel extraordinaire. Exceptionnel extraordinaire. Exceptionnel extraordinaire. Exceptionnel extraordinaire. Exceptionnel extraordinaire. Exceptionnel extraordinaire. Exceptionnel extraordinaire. Exceptionnel extraordinaire. Exceptionnel extraordinaire. Exceptionnel extraordinaire. Exceptionnel extraordinaire. Exceptionnel extraordinaire. Exceptionnel extraordinaire. Exceptionnel extraordinaire. Exceptionnel extraordinaire. Exceptionnel extraordinaire. Exceptionnel extraordinaire. Exceptionnel extraordinaire. Exceptionnel extraordinaire. Exceptionnel extraordinaire. Exceptionnel extraordinaire. Exceptionnel extraordinaire. Exceptionnel extraordinaire. Exceptionnel extraordinaire. Exceptionnel extraordinaire. Exceptionnel extraordinaire. Exceptionnel extraordinaire. Exceptionnel extraordinaire. Exceptionnel extraordinaire. Exceptionnel extraordinaire. Exceptionnel extraordinaire. Exceptionnel extraordinaire. Exceptionnel extraordinaire. Exceptionnel extraordinaire. Exceptionnel extraordinaire. Exceptionnel extraordinaire. Exceptionnel extraordinaire. Exceptionnel extraordinaire. Exceptionnel extraordinaire. Exceptionnel extraordinaire. Exceptionnel extraordinaire. Exceptionnel extraordinaire. Exceptionnel extraordinaire. Exceptionnel extraordinaire. Exceptionnel extraordinaire. "
DIRTY_118,1/15/26,30min,plusieurs,LONG,"RDV M. FranÃ§ois-Xavier le 31/02/2026 Ã  25:99
    Client depuis 2099, CONFIDENTIEL.
    Anniversaire: hier/demain/bientÃ´t
    Budget selon modÃ¨le Ã  confirmer 30/13/2025
    Rappeler: la semaine prochaine ou le mois dernier
    . vegan sauf occasionnellement. pas d'allergie connue. cognac."
DIRTY_119,invalid,long,FR/EN,N/A,"From: sales@boutique.com
    To: manager@boutique.com  
    Subject: RE: FW: RE: Client Mme ThÃ©rÃ¨se AndrÃ©
    
    -----Original Message-----
    Hi,
    Pls see below client info:
    - environ 70
    - 3000  
    - DUBAI
    - rose gold leather pref
    
    Rgds,
    
    >>> Previous message truncated...
    
    Sent from my iPhone
    --
    This email is confidential blah blah disclaimer..."
DIRTY_120,invalid,long,deutsch,short,"Client Mr. O'Brien-McIntyre rencontrÃ© boutique.
    ÃƒÂ¢ge: fifty-two -- CaractÃ¨res encodÃ©s: ÃƒÂ©ÃƒÂ¨ÃƒÂªÃ  
    Budget: around $12000 Ã¢â€šÂ¬
    Ville: Cote d'Azur aÃƒÂ©roport
    RÃƒÂ©gime: vÃ©gÃ©tarien mais mange du poisson
    Couleur: BORDEAUX
    Sport: "
DIRTY_121,"{name: ""M. MÃ¼ller-LÃ¶wenstein"", age: fifty-two, 
    budget: ""7000 euros"", city: N/A"",
    diet: ""omnivore, allergy: ""allergies alimentaires diverses"",
    color: blanc, sport"": ""ski""
    ERROR: JSON PARSE FAILED LINE 3}",2026-01-15,environ 30,MIX,???
DIRTY_122,,30-45 min,Spanish,short,"Client M. FranÃ§ois-Xavier M. FranÃ§ois-Xavier (doublon??)
    Age la trentaine ou la trentaine ans
    Budget Ã  discuter / Ã  discuter euros
    Ville Londres / Londres
    ATTENTION: POSSIBLE DUPLICATE: POSSIBLE DUPLICATE:
    flexitarien. aucune. multicolore. golf."
DIRTY_123,"Ø¹Ù…ÙŠÙ„ Ù…Ù‡Ù… mme durand marie Ù…Ù† Inconnu.
    Ø§Ù„Ø¹Ù…Ø±: fifty-two. Ø§Ù„Ù…ÙŠØ²Ø§Ù†ÙŠØ©: Budget: 12000â‚¬.
    ÙŠØ¨Ø­Ø« Ø¹Ù† Ø­Ù‚ÙŠØ¨Ø© ÙØ§Ø®Ø±Ø© navy.
    halal. . 
    Sport: running. Ø±ÙŠØ§Ø¶ÙŠ Ø¬Ø¯Ø§.
    Rappeler en franÃ§ais merci.",invalid,30 minutes,IT,N/A
DIRTY_124,invalid,"|Client|Ø§Ù„Ø³ÙŠØ¯ Ø£Ø­Ù…Ø¯|
    |Age|63 years old|
    |Budget|20000â‚¬|
    |Ville|new york|
    |Corrupted|data|table|error|format|"
DIRTY_125,???,30-45 min,French,SHORT,"Client Frau KÃ¶hler, CONFIDENTIEL. Wants to buy un sac pour business trips. 
    Budget $5000. Habite Dubai mais travels often to MÃ¼nchen et Milano.
    Sport: Tennis. . Cuir navy preferred. pas d'allergie connue."
DIRTY_126,???,half hour,fr,medium,"{name: ""Signora D'Angelo"", age: 41+, 
    budget: ""7000,000â‚¬"", city: PARIS"",
    diet: ""vegan sauf occasionnellement, allergy: ""???"",
    color: BORDEAUX, sport"": ""marathon""
    ERROR: JSON PARSE FAILED LINE 3}"
DIRTY_127,"January 15, 2026",30 min,???,???,"Client . Age: . Budget: . Ville: .
    Sport: ???. RÃ©gime: N/A. Allergie: null.
    Couleur: undefined. Profession: NaN.
    TODO: complÃ©ter fiche plus tard"
DIRTY_128,31/02/2026,N/A,Spanish,court,"CONVERSATION EXCEPTIONNELLE avec M. DUPONT Jean-Pierre, multiple businesses extraordinaire, 
    vraiment un client exceptionnel et extraordinaire qui mÃ©rite une attention 
    exceptionnelle et extraordinaire. 28 an donc dans la tranche d'Ã¢ge 
    des clients exceptionnels et extraordinaires. Budget pas de limite mais 
    pourrait Ãªtre plus Ã©levÃ© car client exceptionnel et extraordinaire. 
    RÃ©side Ã  CÃ´te d'Azur une ville exceptionnelle oÃ¹ vivent des gens exceptionnels.
    Pratique Ã©quitation de maniÃ¨re exceptionnelle.  de faÃ§on exceptionnelle.
    none. Couleur prÃ©fÃ©rÃ©e BLACK une couleur exceptionnelle.
    Client Ã  rappeler car exceptionnel et extraordinaire pour proposition 
    exceptionnelle collection exceptionnelle prochaine saison exceptionnelle.
    Potentiel lifetime value exceptionnel et extraordinaire vraiment incroyable.
    Exceptionnel extraordinaire. Exceptionnel extraordinaire. Exceptionnel extraordinaire. Exceptionnel extraordinaire. Exceptionnel extraordinaire. Exceptionnel extraordinaire. Exceptionnel extraordinaire. Exceptionnel extraordinaire. Exceptionnel extraordinaire. Exceptionnel extraordinaire. Exceptionnel extraordinaire. Exceptionnel extraordinaire. Exceptionnel extraordinaire. Exceptionnel extraordinaire. Exceptionnel extraordinaire. Exceptionnel extraordinaire. Exceptionnel extraordinaire. Exceptionnel extraordinaire. Exceptionnel extraordinaire. Exceptionnel extraordinaire. Exceptionnel extraordinaire. Exceptionnel extraordinaire. Exceptionnel extraordinaire. Exceptionnel extraordinaire. Exceptionnel extraordinaire. Exceptionnel extraordinaire. Exceptionnel extraordinaire. Exceptionnel extraordinaire. Exceptionnel extraordinaire. Exceptionnel extraordinaire. Exceptionnel extraordinaire. Exceptionnel extraordinaire. Exceptionnel extraordinaire. Exceptionnel extraordinaire. Exceptionnel extraordinaire. Exceptionnel extraordinaire. Exceptionnel extraordinaire. Exceptionnel extraordinaire. Exceptionnel extraordinaire. Exceptionnel extraordinaire. Exceptionnel extraordinaire. Exceptionnel extraordinaire. Exceptionnel extraordinaire. Exceptionnel extraordinaire. Exceptionnel extraordinaire. Exceptionnel extraordinaire. Exceptionnel extraordinaire. Exceptionnel extraordinaire. Exceptionnel extraordinaire. Exceptionnel extraordinaire. "
DIRTY_129,31/02/2026,long,Italien,medium,"Ø¹Ù…ÙŠÙ„ Ù…Ù‡Ù… M. ææ˜ (Li Ming) Ù…Ù† HK.
    Ø§Ù„Ø¹Ù…Ø±: 66 ans. Ø§Ù„Ù…ÙŠØ²Ø§Ù†ÙŠØ©: Â£30000.
    ÙŠØ¨Ø­Ø« Ø¹Ù† Ø­Ù‚ÙŠØ¨Ø© ÙØ§Ø®Ø±Ø© BORDEAUX.
    vÃ©gane strict. allergie soleil + produits chimiques. 
    Sport: . Ø±ÙŠØ§Ø¶ÙŠ Ø¬Ø¯Ø§.
    Rappeler en franÃ§ais merci."
DIRTY_130,2026.01.15,court,???,???,Signora D'Angelo. hong-kong. ok.
DIRTY_131,invalid,30min,Spanish,LONG,"Client Mlle Ã‡elik rencontrÃ© boutique.
    ÃƒÂ¢ge: 71 years old -- CaractÃ¨res encodÃ©s: ÃƒÂ©ÃƒÂ¨ÃƒÂªÃ  
    Budget: presupuesto 20000â‚¬ Ã¢â€šÂ¬
    Ville: london aÃƒÂ©roport
    RÃƒÂ©gime: 
    Couleur: Cognac
    Sport: marathon"
DIRTY_132,,trÃ¨s long,autre,long,"|Client|Mme Ã‘oÃ±o GarcÃ­a|
    |Age|nÃ© en 2000|
    |Budget|selon modÃ¨le|
    |Ville|Frankfurt|
    |Corrupted|data|table|error|format|"
DIRTY_133,01-15-2026,30m,Fr,SHORT,"RDV m dubois le 31/02/2026 Ã  25:99
    Client depuis 2099, trente-cinq.
    Anniversaire: hier/demain/bientÃ´t
    Budget  Ã  confirmer 30/13/2025
    Rappeler: la semaine prochaine ou le mois dernier
    LONDON. flexitarien. aucune. rosÃ© gold."
DIRTY_134,15/01/2026,~30min,Allemand,medium,"|Client|Mme ÅšlÄ…ska BÄ…dÅº|
    |Age|39 an|
    |Budget|15Kâ‚¬|
    |Ville|paris|
    |Corrupted|data|table|error|format|"
DIRTY_135,01-15-2026,30min,MIX,LONG,"RDV m dubois le 31/02/2026 Ã  25:99
    Client depuis 2099, 41 Jahre alt.
    Anniversaire: hier/demain/bientÃ´t
    Budget budget flexible Ã  confirmer 30/13/2025
    Rappeler: la semaine prochaine ou le mois dernier
    NYC. pas de restrictions. none. multicolore."
DIRTY_136,invalid,long,English,long,"RDV M. ææ˜ (Li Ming) le 31/02/2026 Ã  25:99
    Client depuis 2099, 66 aÃ±os.
    Anniversaire: hier/demain/bientÃ´t
    Budget 12000 â€“ 16300 â‚¬ Ã  confirmer 30/13/2025
    Rappeler: la semaine prochaine ou le mois dernier
    Cote d'Azur. vegan sauf occasionnellement. allergie soleil + produits chimiques. ???."
DIRTY_137,1/15/26,"CONVERSATION EXCEPTIONNELLE avec Mme ZoÃ« BÃ¤cker, prÃ©fÃ¨re ne pas dire extraordinaire, 
    vraiment un client exceptionnel et extraordinaire qui mÃ©rite une attention 
    exceptionnelle et extraordinaire. environ 45 donc dans la tranche d'Ã¢ge 
    des clients exceptionnels et extraordinaires. Budget pas de limite mais 
    pourrait Ãªtre plus Ã©levÃ© car client exceptionnel et extraordinaire. 
    RÃ©side Ã   une ville exceptionnelle oÃ¹ vivent des gens exceptionnels.
    Pratique Ã©quitation de maniÃ¨re exceptionnelle. flexitarien de faÃ§on exceptionnelle.
    N/A. Couleur prÃ©fÃ©rÃ©e multicolore une couleur exceptionnelle.
    Client Ã  rappeler car exceptionnel et extraordinaire pour proposition 
    exceptionnelle collection exceptionnelle prochaine saison exceptionnelle.
    Potentiel lifetime value exceptionnel et extraordinaire vraiment incroyable.
    Exceptionnel extraordinaire. Exceptionnel extraordinaire. Exceptionnel extraordinaire. Exceptionnel extraordinaire. Exceptionnel extraordinaire. Exceptionnel extraordinaire. Exceptionnel extraordinaire. Exceptionnel extraordinaire. Exceptionnel extraordinaire. Exceptionnel extraordinaire. Exceptionnel extraordinaire. Exceptionnel extraordinaire. Exceptionnel extraordinaire. Exceptionnel extraordinaire. Exceptionnel extraordinaire. Exceptionnel extraordinaire. Exceptionnel extraordinaire. Exceptionnel extraordinaire. Exceptionnel extraordinaire. Exceptionnel extraordinaire. Exceptionnel extraordinaire. Exceptionnel extraordinaire. Exceptionnel extraordinaire. Exceptionnel extraordinaire. Exceptionnel extraordinaire. Exceptionnel extraordinaire. Exceptionnel extraordinaire. Exceptionnel extraordinaire. Exceptionnel extraordinaire. Exceptionnel extraordinaire. Exceptionnel extraordinaire. Exceptionnel extraordinaire. Exceptionnel extraordinaire. Exceptionnel extraordinaire. Exceptionnel extraordinaire. Exceptionnel extraordinaire. Exceptionnel extraordinaire. Exceptionnel extraordinaire. Exceptionnel extraordinaire. Exceptionnel extraordinaire. Exceptionnel extraordinaire. Exceptionnel extraordinaire. Exceptionnel extraordinaire. Exceptionnel extraordinaire. Exceptionnel extraordinaire. Exceptionnel extraordinaire. Exceptionnel extraordinaire. Exceptionnel extraordinaire. Exceptionnel extraordinaire. Exceptionnel extraordinaire. "
DIRTY_138,15/01/2026,???,,court,"CONVERSATION EXCEPTIONNELLE avec Dr. Ã‰mile FranÃ§ois-Marie, retraitÃ© actif extraordinaire, 
    vraiment un client exceptionnel et extraordinaire qui mÃ©rite une attention 
    exceptionnelle et extraordinaire. Ã¢gÃ© de 51 ans donc dans la tranche d'Ã¢ge 
    des clients exceptionnels et extraordinaires. Budget unlimited budget mais 
    pourrait Ãªtre plus Ã©levÃ© car client exceptionnel et extraordinaire. 
    RÃ©side Ã  ZURICH une ville exceptionnelle oÃ¹ vivent des gens exceptionnels.
    Pratique Tennis de maniÃ¨re exceptionnelle. regime special de faÃ§on exceptionnelle.
    aucune. Couleur prÃ©fÃ©rÃ©e  une couleur exceptionnelle.
    Client Ã  rappeler car exceptionnel et extraordinaire pour proposition 
    exceptionnelle collection exceptionnelle prochaine saison exceptionnelle.
    Potentiel lifetime value exceptionnel et extraordinaire vraiment incroyable.
    Exceptionnel extraordinaire. Exceptionnel extraordinaire. Exceptionnel extraordinaire. Exceptionnel extraordinaire. Exceptionnel extraordinaire. Exceptionnel extraordinaire. Exceptionnel extraordinaire. Exceptionnel extraordinaire. Exceptionnel extraordinaire. Exceptionnel extraordinaire. Exceptionnel extraordinaire. Exceptionnel extraordinaire. Exceptionnel extraordinaire. Exceptionnel extraordinaire. Exceptionnel extraordinaire. Exceptionnel extraordinaire. Exceptionnel extraordinaire. Exceptionnel extraordinaire. Exceptionnel extraordinaire. Exceptionnel extraordinaire. Exceptionnel extraordinaire. Exceptionnel extraordinaire. Exceptionnel extraordinaire. Exceptionnel extraordinaire. Exceptionnel extraordinaire. Exceptionnel extraordinaire. Exceptionnel extraordinaire. Exceptionnel extraordinaire. Exceptionnel extraordinaire. Exceptionnel extraordinaire. Exceptionnel extraordinaire. Exceptionnel extraordinaire. Exceptionnel extraordinaire. Exceptionnel extraordinaire. Exceptionnel extraordinaire. Exceptionnel extraordinaire. Exceptionnel extraordinaire. Exceptionnel extraordinaire. Exceptionnel extraordinaire. Exceptionnel extraordinaire. Exceptionnel extraordinaire. Exceptionnel extraordinaire. Exceptionnel extraordinaire. Exceptionnel extraordinaire. Exceptionnel extraordinaire. Exceptionnel extraordinaire. Exceptionnel extraordinaire. Exceptionnel extraordinaire. Exceptionnel extraordinaire. Exceptionnel extraordinaire. "
DIRTY_139,31/02/2026,30-45 min,autre,court,"CONVERSATION EXCEPTIONNELLE avec Frau KÃ¶hler, mÃ©decin-chirurgien extraordinaire, 
    vraiment un client exceptionnel et extraordinaire qui mÃ©rite une attention 
    exceptionnelle et extraordinaire. agÃ© de 27 donc dans la tranche d'Ã¢ge 
    des clients exceptionnels et extraordinaires. Budget 30000$ mais 
    pourrait Ãªtre plus Ã©levÃ© car client exceptionnel et extraordinaire. 
    RÃ©side Ã  PARIS une ville exceptionnelle oÃ¹ vivent des gens exceptionnels.
    Pratique natation de maniÃ¨re exceptionnelle. vegan sauf occasionnellement de faÃ§on exceptionnelle.
    allergies alimentaires diverses. Couleur prÃ©fÃ©rÃ©e beige une couleur exceptionnelle.
    Client Ã  rappeler car exceptionnel et extraordinaire pour proposition 
    exceptionnelle collection exceptionnelle prochaine saison exceptionnelle.
    Potentiel lifetime value exceptionnel et extraordinaire vraiment incroyable.
    Exceptionnel extraordinaire. Exceptionnel extraordinaire. Exceptionnel extraordinaire. Exceptionnel extraordinaire. Exceptionnel extraordinaire. Exceptionnel extraordinaire. Exceptionnel extraordinaire. Exceptionnel extraordinaire. Exceptionnel extraordinaire. Exceptionnel extraordinaire. Exceptionnel extraordinaire. Exceptionnel extraordinaire. Exceptionnel extraordinaire. Exceptionnel extraordinaire. Exceptionnel extraordinaire. Exceptionnel extraordinaire. Exceptionnel extraordinaire. Exceptionnel extraordinaire. Exceptionnel extraordinaire. Exceptionnel extraordinaire. Exceptionnel extraordinaire. Exceptionnel extraordinaire. Exceptionnel extraordinaire. Exceptionnel extraordinaire. Exceptionnel extraordinaire. Exceptionnel extraordinaire. Exceptionnel extraordinaire. Exceptionnel extraordinaire. Exceptionnel extraordinaire. Exceptionnel extraordinaire. Exceptionnel extraordinaire. Exceptionnel extraordinaire. Exceptionnel extraordinaire. Exceptionnel extraordinaire. Exceptionnel extraordinaire. Exceptionnel extraordinaire. Exceptionnel extraordinaire. Exceptionnel extraordinaire. Exceptionnel extraordinaire. Exceptionnel extraordinaire. Exceptionnel extraordinaire. Exceptionnel extraordinaire. Exceptionnel extraordinaire. Exceptionnel extraordinaire. Exceptionnel extraordinaire. Exceptionnel extraordinaire. Exceptionnel extraordinaire. Exceptionnel extraordinaire. Exceptionnel extraordinaire. Exceptionnel extraordinaire. "
DIRTY_140,2026-01-15,~30min,IT,,"Ø¹Ù…ÙŠÙ„ Ù…Ù‡Ù… Mme ThÃ©rÃ¨se AndrÃ© Ù…Ù† Frankfurt.
    Ø§Ù„Ø¹Ù…Ø±: 51+. Ø§Ù„Ù…ÙŠØ²Ø§Ù†ÙŠØ©: .
    ÙŠØ¨Ø­Ø« Ø¹Ù† Ø­Ù‚ÙŠØ¨Ø© ÙØ§Ø®Ø±Ø© rose-gold.
    vÃ©gÃ©tarien mais mange du poisson. ATTENTION: allergie sÃ©vÃ¨re fruits coque!!!. 
    Sport: N/A. Ø±ÙŠØ§Ø¶ÙŠ Ø¬Ø¯Ø§.
    Rappeler en franÃ§ais merci."
DIRTY_141,2026-01-15,environ 30,ES,short,Ø§Ù„Ø³ÙŠØ¯ Ø£Ø­Ù…Ø¯. N/A. ok.
DIRTY_142,N/A,"ğŸŒŸ CLIENTE VIP ğŸŒŸ Durand ğŸ’¼ banquier+investisseur â­â­â­â­â­
    Age: nÃ© en 1996 | Budget: entre 30000 et 34653 ğŸ’°ğŸ’°ğŸ’°
    ğŸ  N/A | âœˆï¸ travels a lot
    Loves: Ã©quitation ğŸ¾ | Art ğŸ¨ | Music ğŸµ
    Diet: pescetarien ğŸ¥— | severe shellfish allergy CRITICAL âš ï¸
    Color: navy â¤ï¸ | Wife birthday ğŸ‚ coming up!
    Call back ASAP! ğŸ“ğŸ“ğŸ“"
DIRTY_143,15/01/2026,half hour,Fr,N/A,Prof. Ã˜ystein Ã˜degÃ¥rd. MILAN. ok.
DIRTY_144,15.01.26,trÃ¨s long,Spanish,,"RDV Mrs. BjÃ¶rk JÃ³nsdÃ³ttir le 31/02/2026 Ã  25:99
    Client depuis 2099, soixantaine.
    Anniversaire: hier/demain/bientÃ´t
    Budget budget flexible Ã  confirmer 30/13/2025
    Rappeler: la semaine prochaine ou le mois dernier
    Saint Tropez. sans gluten sans lactose. severe shellfish allergy CRITICAL. cognac."
DIRTY_145,invalid,environ 30,,moyen,"Client MME LEGRAND, Ã¢gÃ© de 57 ans. Wants to buy un sac pour business trips. 
    Budget Ã  discuter. Habite PARIS mais travels often to MÃ¼nchen et Milano.
    Sport: football. vegetarian events. Cuir ??? preferred. ATTENTION: allergie sÃ©vÃ¨re fruits coque!!!."
DIRTY_146,15 janvier 2026,,English,,"Ø¹Ù…ÙŠÙ„ Ù…Ù‡Ù… Mr. O'Brien-McIntyre Ù…Ù† N/A.
    Ø§Ù„Ø¹Ù…Ø±: 52 anni. Ø§Ù„Ù…ÙŠØ²Ø§Ù†ÙŠØ©: Budget: 5000â‚¬.
    ÙŠØ¨Ø­Ø« Ø¹Ù† Ø­Ù‚ÙŠØ¨Ø© ÙØ§Ø®Ø±Ø© bordeaux.
    pescetarien. allergie soleil + produits chimiques. 
    Sport: Ã©quitation. Ø±ÙŠØ§Ø¶ÙŠ Ø¬Ø¯Ø§.
    Rappeler en franÃ§ais merci."
DIRTY_147,"January 15, 2026",0.5h,FR,,"Euh alors le client c'est Mme Ã‘oÃ±o GarcÃ­a voilÃ  euh 
    donc il a genre euh cinquantaine enfin bon bref
    et donc son budget c'est euh environ euh genre 20000EUR
    il habite Ã  ah mince comment Ã§a s'appelle euh Monte-Carlo
    donc voilÃ  quoi euh pescetarien et puis euh allergie soleil + produits chimiques
    ah oui et il aime le navy voilÃ  c'est tout euh merci"
DIRTY_148,15 janvier 2026,30min,plusieurs,,Sr. JoÃ£o GonÃ§alves. HK. ok.
DIRTY_149,15 janvier 2026,trÃ¨s long,multilingual,court,"Client . Age: . Budget: . Ville: .
    Sport: ???. RÃ©gime: N/A. Allergie: null.
    Couleur: undefined. Profession: NaN.
    TODO: complÃ©ter fiche plus tard"
DIRTY_150,15.01.26,,Anglais,longe,"RDV M. DUPONT Jean-Pierre le 31/02/2026 Ã  25:99
    Client depuis 2099, 34 Jahre alt.
    Anniversaire: hier/demain/bientÃ´t
    Budget budget illimitÃ© Ã  confirmer 30/13/2025
    Rappeler: la semaine prochaine ou le mois dernier
    HK. pas de restrictions. allergies alimentaires diverses. multicolore."
